,Industry,Frequency
0,Consultant / Business Services,4.069767441860465
1,Finance / Banking,7.55813953488372
2,Healthcare / Life Sciences / Pharmaceuticals,16.86046511627907
3,Higher Education,9.883720930232558
4,Insurance,17.441860465116278
5,Manufacturing,19.767441860465116
6,Other,18.6046511627907
7,Technology / Software / Internet,5.813953488372093
