,Analytics Experience,Frequency
0,10+ Years,17.441860465116278
1,2-4 Years,42.44186046511628
2,5-9 Years,26.16279069767442
3,< 1 Year,13.953488372093023
