,Technical Expertise,Frequency
0,Advanced,22.093023255813954
1,Basic Knowledge,6.395348837209303
2,Expert,5.813953488372093
3,Intermediate,36.627906976744185
4,Novice,29.069767441860467
